LAST UPDATED,FREQUENCY,PERIOD BEGIN,PERIOD END,REGION ID,REGION TYPE,REGION NAME,HOMES SOLD,HOMES SOLD MOM (%),HOMES SOLD YOY (%),MEDIAN SALE PRICE NSA ($),MEDIAN SALE PRICE NSA MOM (%),MEDIAN SALE PRICE NSA YOY (%),MEDIAN DAYS ON MARKET (DAYS),MEDIAN DAYS ON MARKET MOM (DAYS),MEDIAN DAYS ON MARKET YOY (DAYS),NEW LISTINGS,NEW LISTINGS MOM (%),NEW LISTINGS YOY (%),ACTIVE LISTINGS,ACTIVE LISTINGS MOM (%),ACTIVE LISTINGS YOY (%),PENDING SALES,PENDING SALES MOM (%),PENDING SALES YOY (%),MEDIAN NEW LISTING PRICE PER SQ.FT. ($),MEDIAN NEW LISTING PRICE PER SQ.FT. MOM (%),MEDIAN NEW LISTING PRICE PER SQ.FT. YOY (%)
2026-09-03,Monthly,2026-08-01,2026-08-31,NA,Country,National,291769,-0.54,-0.45,398596,NA,2.2,50,0,0,393178,2.56,4.34,1534918,3.92,2.66,336973,0.15,-1.3,213.4,-0.84,-0.06
2026-09-03,Monthly,2026-07-01,2026-07-31,NA,Country,National,293355,-2.44,1.8,404400,NA,2.38,50,0,1,383352,-0.47,0.89,1476960,-0.55,-1.1,336473,-2.52,-0.73,215.21,-0.29,1.25
2026-09-03,Monthly,2026-06-01,2026-06-30,NA,Country,National,300692,-1.11,3.91,408728,NA,2.21,49,0,1,385176,-0.48,1.88,1485175,-0.36,-0.26,345168,-0.17,3.39,215.84,-0.04,1.29
2026-09-03,Monthly,2026-05-01,2026-05-31,NA,Country,National,304072,2.66,3.61,399900,NA,2.19,49,0,3,387046,-0.14,0.75,1490580,-0.11,0.62,345761,-0.49,2.98,215.92,-0.08,0.68
2026-09-03,Monthly,2026-04-01,2026-04-30,NA,Country,National,296189,1.21,1.4,395000,NA,2.07,49,-1,4,387569,0.67,0.93,1492278,0.54,1.89,347468,1.35,4.8,216.1,0.32,-0.05
2026-09-03,Monthly,2026-03-01,2026-03-31,NA,Country,National,292649,0.04,-0.4,390000,NA,1.33,50,-1,4,384998,0.64,-0.21,1484223,0.6,2.38,342834,0.88,0.2,215.4,0.21,-0.35
2026-09-03,Monthly,2026-02-01,2026-02-28,NA,Country,National,292521,-0.33,-0.66,380000,NA,0.37,51,2,7,382566,0.06,-0.57,1475393,0.27,3.37,339831,0.17,1.47,214.95,0.07,-0.69
2026-09-03,Monthly,2026-01-01,2026-01-31,NA,Country,National,293491,-3.1,-0.84,378000,NA,0.8,49,0,5,382348,1.61,-0.22,1471481,-0.11,5.09,339263,1.4,2.09,214.79,-0.03,-1.07
2026-09-03,Monthly,2025-12-01,2025-12-31,NA,Country,National,302878,2,1.05,385000,NA,1.32,49,1,6,376281,-0.8,-1.52,1473056,-0.63,7.1,334593,-3.27,-1.55,214.86,-0.03,-0.14
2026-09-03,Monthly,2025-11-01,2025-11-30,NA,Country,National,296931,1.64,0.14,387765,NA,2.04,49,0,6,379298,-1.33,-0.01,1482335,-0.47,9.53,345919,-0.2,0.76,214.93,0.19,0.09
2026-09-03,Monthly,2025-10-01,2025-10-31,NA,Country,National,292133,-0.83,1.34,390000,NA,1.3,49,0,7,384391,1.11,3.18,1489280,-0.23,11.23,346611,1.42,2.77,214.51,-0.11,0.25
2026-09-03,Monthly,2025-09-01,2025-09-30,NA,Country,National,294586,0.51,4.55,389000,NA,2.37,49,0,7,380160,0.88,0.92,1492690,-0.17,12.45,341764,0.1,0.98,214.75,0.57,0.18
2026-09-03,Monthly,2025-08-01,2025-08-31,NA,Country,National,293083,1.71,2.73,390000,NA,1.3,49,1,7,376826,-0.83,1.15,1495159,0.12,14.68,341413,0.72,4.89,213.53,0.46,0.05
2026-09-03,Monthly,2025-07-01,2025-07-31,NA,Country,National,288162,-0.42,0.44,395000,NA,1.28,48,1,7,379981,0.51,3.4,1493327,0.29,16.52,338958,1.53,2.79,212.56,-0.25,-0.17
2026-09-03,Monthly,2025-06-01,2025-06-30,NA,Country,National,289380,-1.4,1.47,399900,NA,1.27,48,1,6,378055,-1.59,2.07,1489007,0.52,17.43,333852,-0.57,0.21,213.09,-0.63,0.24
2026-09-03,Monthly,2025-05-01,2025-05-31,NA,Country,National,293490,0.48,0.49,391320,NA,0.6,46,1,5,384164,0.04,4.43,1481338,1.14,17.98,335763,1.27,2.34,214.45,-0.81,1.01
2026-09-03,Monthly,2025-04-01,2025-04-30,NA,Country,National,292099,-0.59,-1.87,387000,NA,1.84,45,0,5,383991,-0.47,5.43,1464612,1.03,17.64,331542,-3.1,-1.3,216.21,0.02,2.4
2026-09-03,Monthly,2025-03-01,2025-03-31,NA,Country,National,293832,-0.21,-0.2,384900,NA,2.64,45,1,7,385821,0.28,5.92,1449708,1.57,16.95,342143,2.16,1.98,216.16,-0.13,2.51
2026-09-03,Monthly,2025-02-01,2025-02-28,NA,Country,National,294452,-0.51,-1.15,378597,NA,3.27,44,0,6,384746,0.4,6.23,1427327,1.94,16.02,334915,0.78,-0.45,216.45,-0.3,2.57
2026-09-03,Monthly,2025-01-01,2025-01-31,NA,Country,National,295976,-1.25,2.57,375000,NA,4.17,44,1,6,383208,0.29,7.15,1400188,1.8,15.28,332323,-2.22,-1.57,217.11,0.91,2.72
2026-09-03,Monthly,2024-12-01,2024-12-31,NA,Country,National,299726,1.09,9.54,380000,NA,5.56,43,0,6,382097,0.73,5.46,1375424,1.63,15.38,339874,-1,2.43,215.15,0.2,2.39
2026-09-03,Monthly,2024-11-01,2024-11-30,NA,Country,National,296503,2.86,7.78,380000,NA,5.56,43,0,7,379339,1.83,4.78,1353408,1.08,17.5,343304,1.79,7.5,214.72,0.35,2.36
2026-09-03,Monthly,2024-10-01,2024-10-31,NA,Country,National,288259,2.31,3.2,385000,NA,5.48,42,0,7,372530,-1.1,4.91,1338941,0.87,20.72,337268,-0.35,5.33,213.97,-0.19,2.45
2026-09-03,Monthly,2024-09-01,2024-09-30,NA,Country,National,281759,-1.24,-1.72,380000,NA,3.4,42,0,7,376687,1.11,6.74,1327373,1.81,23.27,338438,3.97,4.64,214.38,0.45,3.39
2026-09-03,Monthly,2024-08-01,2024-08-31,NA,Country,National,285295,-0.56,-0.44,385000,NA,2.67,42,0,6,372546,1.38,7.17,1303778,1.73,24.22,325510,-1.29,-1.59,213.41,0.23,2.95
2026-09-03,Monthly,2024-07-01,2024-07-31,NA,Country,National,286911,0.6,-0.49,389990,NA,4,42,0,6,367481,-0.78,7.21,1281593,1.07,23.82,329752,-1.02,-2.68,212.92,0.16,3.58
2026-09-03,Monthly,2024-06-01,2024-06-30,NA,Country,National,285192,-2.35,-2.33,394900,NA,3.92,42,1,6,370375,0.69,9.68,1268017,0.99,22.31,333136,1.54,-0.17,212.57,0.13,4.26
2026-09-03,Monthly,2024-05-01,2024-05-31,NA,Country,National,292065,-1.88,-1.04,389000,NA,3.73,41,1,3,367853,1,8.54,1255628,0.86,19.04,328080,-2.33,-2.31,212.3,0.55,4.12
2026-09-03,Monthly,2024-04-01,2024-04-30,NA,Country,National,297662,1.1,0.72,380000,NA,4.11,40,2,1,364228,-0.01,8.7,1244957,0.43,14.75,335916,0.12,-1.68,211.14,0.13,4.24
2026-09-03,Monthly,2024-03-01,2024-03-31,NA,Country,National,294409,-1.16,-0.3,375000,NA,4.75,39,1,-1,364272,0.57,7.77,1239588,0.76,10.56,335513,-0.28,0.06,210.87,-0.08,4.64
2026-09-03,Monthly,2024-02-01,2024-02-29,NA,Country,National,297878,3.23,0.75,366603,NA,5.04,38,0,-2,362193,1.27,6.12,1230194,1.29,5.96,336440,-0.35,-5.75,211.04,-0.15,5.17
2026-09-03,Monthly,2024-01-01,2024-01-31,NA,Country,National,288548,5.45,-1.13,360000,NA,5.57,38,1,-1,357651,-1.28,2.44,1214582,1.89,2.57,337635,1.75,-3.43,211.35,0.58,5.54
2026-09-03,Monthly,2023-12-01,2023-12-31,NA,Country,National,273629,-0.53,-3.48,360000,NA,4.35,37,1,-1,362304,0.08,4.51,1192091,3.5,0.89,331821,3.91,-0.31,210.13,0.17,4.46
2026-09-03,Monthly,2023-11-01,2023-11-30,NA,Country,National,275091,-1.51,-5.6,360000,NA,2.86,36,1,-2,362027,1.95,1.82,1151823,3.85,-1.72,319339,-0.27,-3.35,209.78,0.44,4.56
2026-09-03,Monthly,2023-10-01,2023-10-31,NA,Country,National,279321,-2.57,-11.71,365000,NA,2.82,35,0,-2,355100,0.62,-2.69,1109109,3,-5.54,320192,-1,-6.48,208.86,0.73,4.65
2026-09-03,Monthly,2023-09-01,2023-09-30,NA,Country,National,286686,0.05,-12.41,367500,NA,2.11,35,0,-2,352897,1.51,-5.56,1076826,2.6,-9.48,323434,-2.22,-10.05,207.35,0.02,4.13
2026-09-03,Monthly,2023-08-01,2023-08-31,NA,Country,National,286547,-0.62,-12.88,375000,NA,3.81,36,0,1,347631,1.42,-8.79,1049582,1.4,-13.08,330765,-2.38,-12.81,207.31,0.85,3.28
2026-09-03,Monthly,2023-07-01,2023-07-31,NA,Country,National,288321,-1.26,-13.71,375000,NA,1.85,36,0,4,342755,1.5,-14.78,1035059,-0.16,-14.18,338842,1.54,-10.7,205.57,0.82,1.91
2026-09-03,Monthly,2023-06-01,2023-06-30,NA,Country,National,291990,-1.07,-16.87,380000,NA,0,36,-2,6,337698,-0.36,-18.61,1036733,-1.71,-11.78,333700,-0.64,-13.89,203.89,-0.01,0.79
2026-09-03,Monthly,2023-05-01,2023-05-31,NA,Country,National,295146,-0.13,-20.95,375000,NA,-1.32,38,-2,10,338911,1.14,-18.37,1054816,-2.77,-6.77,335853,-1.7,-16.59,203.91,0.67,0.56
2026-09-03,Monthly,2023-04-01,2023-04-30,NA,Country,National,295542,0.09,-22.58,365000,NA,-2.67,40,-1,12,335077,-0.87,-19.95,1084910,-3.24,-1.84,341670,1.9,-15.39,202.54,0.51,0.51
2026-09-03,Monthly,2023-03-01,2023-03-31,NA,Country,National,295280,-0.13,-21.79,358000,NA,-1.89,40,-1,13,338017,-0.96,-19.01,1121196,-3.43,2.56,335308,-6.07,-18.39,201.51,0.42,0.55
2026-09-03,Monthly,2023-02-01,2023-02-28,NA,Country,National,295675,1.31,-23.26,349000,NA,0,41,1,13,341306,-2.24,-20.12,1161022,-1.95,6.87,356984,2.11,-14.86,200.67,0.21,1.06
2026-09-03,Monthly,2023-01-01,2023-01-31,NA,Country,National,291858,2.95,-35.78,341000,NA,0.89,39,1,10,349122,0.71,-16.41,1184167,0.22,8.41,349612,5.04,-20.13,200.25,-0.44,2.84
2026-09-03,Monthly,2022-12-01,2022-12-31,NA,Country,National,283486,-2.72,-32.47,345000,NA,1.47,38,0,8,346672,-2.5,-20.59,1181536,0.82,6.22,332846,0.74,-28.01,201.15,0.26,4.22
2026-09-03,Monthly,2022-11-01,2022-11-30,NA,Country,National,291421,-7.88,-33.45,350000,NA,2.94,38,1,7,355566,-2.56,-19.23,1171925,-0.19,2.44,330400,-3.5,-31.37,200.63,0.52,5.75
2026-09-03,Monthly,2022-10-01,2022-10-31,NA,Country,National,316364,-3.34,-25.14,355000,NA,5.97,37,1,6,364920,-2.35,-17.18,1174108,-1.31,0.52,342377,-4.78,-27.95,199.58,0.23,6.56
2026-09-03,Monthly,2022-09-01,2022-09-30,NA,Country,National,327296,-0.49,-20.69,359900,NA,7.43,37,2,6,373685,-1.95,-14.63,1189634,-1.48,0.73,359560,-5.21,-22.25,199.12,-0.8,7.5
2026-09-03,Monthly,2022-08-01,2022-08-31,NA,Country,National,328919,-1.55,-18.6,361242,NA,7.51,34,2,3,381121,-5.24,-14.41,1207544,0.13,1.87,379342,-0.03,-16.96,200.72,-0.49,9.85
2026-09-03,Monthly,2022-07-01,2022-07-31,NA,Country,National,334111,-4.87,-17.62,368206,NA,8.3,32,2,2,402179,-3.07,-9.93,1206037,2.63,2.92,379452,-2.08,-15.64,201.71,-0.29,11.89
2026-09-03,Monthly,2022-06-01,2022-06-30,NA,Country,National,351228,-5.93,-14.37,380000,NA,11.76,30,2,-2,414916,-0.06,-6.09,1175116,3.86,1.19,387508,-3.76,-14.99,202.3,-0.23,13.38
2026-09-03,Monthly,2022-05-01,2022-05-31,NA,Country,National,373380,-2.19,-9.67,380000,NA,15.15,28,1,-5,415174,-0.82,-5.63,1131419,2.37,-3.33,402650,-0.28,-10.8,202.76,0.62,15.37
2026-09-03,Monthly,2022-04-01,2022-04-30,NA,Country,National,381740,1.11,-6.75,375000,NA,15.38,27,0,-8,418592,0.29,-4.54,1105239,1.1,-7.53,403800,-1.71,-8.86,201.52,0.55,15.91
2026-09-03,Monthly,2022-03-01,2022-03-31,NA,Country,National,377566,-2,-5.61,364900,NA,16.96,27,0,-9,417363,-2.32,-4.24,1093218,0.63,-9.97,410845,-2.01,-9.38,200.42,0.93,16.67
2026-09-03,Monthly,2022-02-01,2022-02-28,NA,Country,National,385288,-15.23,-2.66,349000,NA,16.37,27,-2,-7,427297,2.31,1.32,1086382,-0.55,-11.68,419268,-4.21,-6.08,198.56,1.97,16.71
2026-09-03,Monthly,2022-01-01,2022-01-31,NA,Country,National,454491,8.27,1,338000,NA,14.58,29,-1,-6,417667,-4.33,-3.35,1092348,-1.79,-13.75,437716,-5.33,-6.57,194.72,0.89,16.79
2026-09-03,Monthly,2021-12-01,2021-12-31,NA,Country,National,419766,-4.13,-4.36,340000,NA,13.9,31,-1,-6,436556,-0.83,-2.27,1112305,-2.77,-13.84,462369,-3.95,-4.12,193.01,1.73,14.7
2026-09-03,Monthly,2021-11-01,2021-11-30,NA,Country,National,437866,3.61,-0.29,340000,NA,13.71,31,0,-6,440206,-0.09,1.7,1143999,-2.06,-12.39,481388,1.31,0.81,189.72,1.3,15.86
2026-09-03,Monthly,2021-10-01,2021-10-31,NA,Country,National,422599,2.4,-4.02,335000,NA,12.42,31,1,-8,440611,0.66,0.08,1168058,-1.1,-11.91,475173,2.74,-2.26,187.29,1.11,14.65
2026-09-03,Monthly,2021-09-01,2021-09-30,NA,Country,National,412693,2.14,-2.23,335000,NA,13.56,31,0,-12,437741,-1.7,0.9,1181031,-0.37,-11.78,462483,1.23,-5.29,185.23,1.37,15.2
2026-09-03,Monthly,2021-08-01,2021-08-31,NA,Country,National,404058,-0.37,-0.85,336000,NA,14.68,31,0,-15,445302,-0.28,3.15,1185394,1.16,-12.4,456845,1.57,-5.09,182.73,1.37,13.71
2026-09-03,Monthly,2021-07-01,2021-07-31,NA,Country,National,405558,-1.13,3.54,340000,NA,18.06,30,-1,-20,446536,1.07,5.92,1171836,0.91,-14.7,449777,-1.33,-5.18,180.27,1.03,14.1
2026-09-03,Monthly,2021-06-01,2021-06-30,NA,Country,National,410185,-0.76,24.38,340000,NA,23.12,31,-2,-23,441813,0.43,7.84,1161266,-0.78,-16.17,455836,0.98,0.86,178.42,1.52,15.67
2026-09-03,Monthly,2021-05-01,2021-05-31,NA,Country,National,413331,0.97,49.27,330000,NA,24.08,33,-2,-21,439937,0.33,12.18,1170372,-2.08,-15.09,451401,1.88,19.58,175.76,1.09,17.08
2026-09-03,Monthly,2021-04-01,2021-04-30,NA,Country,National,409362,2.34,39.7,325000,NA,20.37,35,-1,-15,438480,0.6,57.89,1195249,-1.56,-12.62,443072,-2.28,49.98,173.86,1.21,19.48
2026-09-03,Monthly,2021-03-01,2021-03-31,NA,Country,National,399995,1.05,14.1,312000,NA,15.99,36,2,-13,435862,3.35,7.95,1214236,-1.29,-21.45,453393,1.57,21.67,171.78,0.97,15.8
2026-09-03,Monthly,2021-02-01,2021-02-28,NA,Country,National,395831,-12.04,7.44,299900,NA,15.35,34,-1,-18,421748,-2.4,1.24,1230066,-2.88,-21.24,446394,-4.71,2.86,170.13,2.04,12.82
2026-09-03,Monthly,2021-01-01,2021-01-31,NA,Country,National,449993,2.53,24.68,295000,NA,14.47,35,-1,-17,432133,-3.26,4.88,1266533,-1.89,-18.87,468474,-2.86,10.86,166.74,-0.91,13.04
2026-09-03,Monthly,2020-12-01,2020-12-31,NA,Country,National,438891,-0.06,20.24,298500,NA,12.66,37,-1,-16,446702,3.2,11.55,1290942,-1.13,-17.42,482243,0.99,17.61,168.27,2.76,14.19
2026-09-03,Monthly,2020-11-01,2020-11-30,NA,Country,National,439147,-0.27,23.46,299000,NA,15,38,-2,-15,432857,-1.69,6.3,1305723,-1.53,-17.17,477515,-1.78,16.01,163.75,0.24,11.71
2026-09-03,Monthly,2020-10-01,2020-10-31,NA,Country,National,440318,4.32,26.31,298000,NA,14.62,40,-3,-13,440276,1.48,8.67,1325983,-0.95,-16.61,486179,-0.43,19.75,163.36,1.59,12.25
2026-09-03,Monthly,2020-09-01,2020-09-30,NA,Country,National,422091,3.58,19.91,295000,NA,13.46,43,-4,-11,433855,0.5,4.94,1338689,-1.08,-16.37,488303,1.44,19.84,160.79,0.06,11.17
2026-09-03,Monthly,2020-08-01,2020-08-31,NA,Country,National,407516,4.04,13.57,293000,NA,10.61,46,-5,-7,431706,2.4,5.85,1353259,-1.49,-15.75,481360,1.48,19.38,160.7,1.72,11.99
2026-09-03,Monthly,2020-07-01,2020-07-31,NA,Country,National,391681,18.77,10.39,288000,NA,8.27,51,-4,-3,421591,2.91,2.78,1373773,-0.83,-15.33,474328,4.95,17.26,157.98,2.42,10.75
2026-09-03,Monthly,2020-06-01,2020-06-30,NA,Country,National,329795,19.1,-9.09,276161,NA,2.28,55,0,2,409678,4.47,-1.71,1385319,0.5,-15.67,451940,19.72,10.4,154.25,2.76,7.8
2026-09-03,Monthly,2020-05-01,2020-05-31,NA,Country,National,276908,-5.5,-25.16,265950,NA,0.74,55,4,1,392157,41.21,-7.99,1378373,0.77,-17.12,377501,27.79,-7.14,150.11,3.16,4.57
2026-09-03,Monthly,2020-04-01,2020-04-30,NA,Country,National,293036,-16.41,-18.03,270000,NA,5.88,51,1,-5,277713,-31.22,-34.57,1367807,-11.52,-17.83,295412,-20.72,-27.21,145.51,-1.91,1.51
2026-09-03,Monthly,2020-03-01,2020-03-31,NA,Country,National,350570,-4.85,2.17,269000,NA,7.6,50,-2,-6,403768,-3.07,-3.55,1545828,-1.02,-6.57,372634,-14.14,-6.21,148.35,-1.62,4.06
2026-09-03,Monthly,2020-02-01,2020-02-29,NA,Country,National,368423,2.08,9.67,260000,NA,8.33,52,-1,-3,416562,1.1,1.17,1561819,0.05,-5.32,433982,2.69,9.61,150.8,2.23,6.18
2026-09-03,Monthly,2020-01-01,2020-01-31,NA,Country,National,360926,-1.12,11.41,257716,NA,6.49,53,0,-1,412029,2.9,-1.81,1561116,-0.14,-4.96,422596,3.06,9.32,147.5,0.09,3.63
2026-09-03,Monthly,2019-12-01,2019-12-31,NA,Country,National,365024,2.63,11.2,264950,NA,8.14,52,0,-1,400436,-1.67,-2.53,1563254,-0.83,-4.08,410030,-0.38,8.04,147.36,0.53,4.19
2026-09-03,Monthly,2019-11-01,2019-11-30,NA,Country,National,355686,2.04,4.96,260000,NA,5.73,52,-1,-1,407221,0.52,-1.94,1576371,-0.87,-2.99,411606,1.38,7.97,146.59,0.73,3.54
2026-09-03,Monthly,2019-10-01,2019-10-31,NA,Country,National,348589,-0.97,3.85,260000,NA,6.12,53,0,0,405132,-2.01,-3.05,1590140,-0.66,-1.87,405997,-0.36,5.66,145.53,0.61,3.31
2026-09-03,Monthly,2019-09-01,2019-09-30,NA,Country,National,352011,-1.9,4.22,260000,NA,6.12,53,0,1,413444,1.37,-0.44,1600766,-0.34,-0.62,407450,1.05,5.89,144.64,0.8,2.61
2026-09-03,Monthly,2019-08-01,2019-08-31,NA,Country,National,358811,1.12,4.61,264900,NA,5.96,53,0,1,407836,-0.57,-2.55,1606212,-1,0.01,403217,-0.32,4.04,143.5,0.59,3.21
2026-09-03,Monthly,2019-07-01,2019-07-31,NA,Country,National,354822,-2.19,1.02,266000,NA,4.72,53,0,1,410176,-1.59,-1.74,1622509,-1.23,1.21,404499,-1.19,2.43,142.65,-0.31,3
2026-09-03,Monthly,2019-06-01,2019-06-30,NA,Country,National,362775,-1.96,1.33,270000,NA,4.65,53,0,1,416825,-2.2,-0.34,1642644,-1.22,2.55,409350,0.7,4.05,143.1,-0.32,3.45
2026-09-03,Monthly,2019-05-01,2019-05-31,NA,Country,National,370012,3.51,3.51,264000,NA,5.6,53,-2,1,426218,0.42,2.11,1663013,-0.09,3.88,406515,0.16,3.48,143.56,0.15,3.97
2026-09-03,Monthly,2019-04-01,2019-04-30,NA,Country,National,357476,4.18,-0.32,255000,NA,4.08,55,0,4,424431,1.39,2.44,1664589,0.61,4.11,405860,2.15,1.77,143.34,0.55,4.24
2026-09-03,Monthly,2019-03-01,2019-03-31,NA,Country,National,343131,2.15,-1.56,250000,NA,3.35,56,1,4,418613,1.66,1.3,1654497,0.3,3.48,397304,0.35,-1.67,142.56,0.38,4.39
2026-09-03,Monthly,2019-02-01,2019-02-28,NA,Country,National,335923,3.69,-0.42,240000,NA,2.13,55,1,2,411760,-1.87,-1.76,1649509,0.43,3.51,395922,2.42,1,142.02,-0.22,3.63
2026-09-03,Monthly,2019-01-01,2019-01-31,NA,Country,National,323955,-1.31,-6.72,242000,NA,3.42,54,1,1,419620,2.14,3.68,1642524,0.79,3.51,386575,1.86,-1.42,142.33,0.64,4.18
2026-09-03,Monthly,2018-12-01,2018-12-31,NA,Country,National,328272,-3.13,-7.88,245000,NA,2.51,53,0,-1,410826,-1.07,-0.75,1629726,0.29,2.02,379513,-0.45,-5.43,141.43,-0.1,4.14
2026-09-03,Monthly,2018-11-01,2018-11-30,NA,Country,National,338884,0.96,-4.26,245900,NA,3.33,53,0,-2,415275,-0.62,1.51,1624976,0.28,1.05,381239,-0.78,-5.37,141.57,0.51,5.15
2026-09-03,Monthly,2018-10-01,2018-10-31,NA,Country,National,335661,-0.62,-3.41,245000,NA,4.26,53,0,-3,417871,0.63,1.88,1620437,0.6,0.51,384250,-0.14,-3.67,140.86,-0.07,5.33
2026-09-03,Monthly,2018-09-01,2018-09-30,NA,Country,National,337749,-1.53,-1.4,245000,NA,3.81,52,0,-3,415270,-0.78,3.21,1610789,0.29,-0.21,384788,-0.71,0.89,140.96,1.39,6.18
2026-09-03,Monthly,2018-08-01,2018-08-31,NA,Country,National,342997,-2.35,0.45,250000,NA,4.17,52,0,-4,418514,0.25,2.87,1606066,0.18,-1.4,387542,-1.87,-0.08,139.03,0.39,5.22
2026-09-03,Monthly,2018-07-01,2018-07-31,NA,Country,National,351246,-1.89,1.57,254000,NA,5.39,52,0,-5,417450,-0.19,2.15,1603179,0.09,-2.16,394919,0.38,2.34,138.49,0.12,5.24
2026-09-03,Monthly,2018-06-01,2018-06-30,NA,Country,National,358008,0.15,2.4,258000,NA,5.31,52,-1,-6,418248,0.2,2.52,1601805,0.06,-2.81,393415,0.14,2.36,138.33,0.18,5.81
2026-09-03,Monthly,2018-05-01,2018-05-31,NA,Country,National,357476,-0.32,1.81,250000,NA,5.98,52,1,-4,417397,0.74,1.93,1600875,0.12,-3.18,392861,-1.49,1.85,138.07,0.41,5.93
2026-09-03,Monthly,2018-04-01,2018-04-30,NA,Country,National,358630,2.89,2.76,245000,NA,6.52,52,0,-5,414313,0.26,2.57,1598941,0.01,-3.52,398815,-1.3,4.96,137.51,0.7,6.14
2026-09-03,Monthly,2018-03-01,2018-03-31,NA,Country,National,348556,3.33,2.99,241900,NA,7.51,52,-1,-6,413225,-1.41,1.74,1598790,0.32,-4.33,404064,3.07,4.45,136.56,-0.35,5.8
2026-09-03,Monthly,2018-02-01,2018-02-28,NA,Country,National,337336,-2.87,2.85,235000,NA,7.8,53,0,-7,419156,3.56,2.35,1593639,0.43,-4.67,392020,-0.03,-0.41,137.04,0.31,7.29
2026-09-03,Monthly,2018-01-01,2018-01-31,NA,Country,National,347293,-2.54,-1.68,234000,NA,6.41,53,-1,-6,404733,-2.23,0.15,1586813,-0.67,-4.92,392149,-2.28,0.87,136.62,0.6,6.85
2026-09-03,Monthly,2017-12-01,2017-12-31,NA,Country,National,356359,0.67,3.97,239000,NA,6.22,54,-1,-6,413949,1.19,4.06,1597468,-0.66,-4.49,401316,-0.39,4.98,135.81,0.87,6.3
2026-09-03,Monthly,2017-11-01,2017-11-30,NA,Country,National,353980,1.86,3.66,237975,NA,5.77,55,0,-6,409100,-0.26,1.86,1608024,-0.26,-4.59,402893,1,4.93,134.64,0.68,5.77
2026-09-03,Monthly,2017-10-01,2017-10-31,NA,Country,National,347503,1.45,1.43,235000,NA,5.86,56,0,-6,410148,1.93,3.33,1612186,-0.12,-5.22,398905,4.59,5.09,133.73,0.73,6.02
2026-09-03,Monthly,2017-09-01,2017-09-30,NA,Country,National,342545,0.32,1.49,236000,NA,4.94,55,-1,-6,402363,-1.1,0.12,1614162,-0.9,-6.08,381400,-1.66,-2.01,132.76,0.47,5.29
2026-09-03,Monthly,2017-08-01,2017-08-31,NA,Country,National,341460,-1.26,2.78,240000,NA,5.49,57,0,-6,406823,-0.46,1.74,1628880,-0.59,-5.82,387836,0.5,0.76,132.14,0.42,5.24
2026-09-03,Monthly,2017-07-01,2017-07-31,NA,Country,National,345802,-1.09,3.82,241000,NA,5.29,57,-1,-7,408683,0.18,1.8,1638546,-0.58,-5.7,385902,0.4,0,131.59,0.66,5.22
2026-09-03,Monthly,2017-06-01,2017-06-30,NA,Country,National,349623,-0.43,3.89,245000,NA,6.52,57,1,-6,407962,-0.37,2.13,1648142,-0.32,-6.02,384358,-0.36,-3.68,130.73,0.3,5.63
2026-09-03,Monthly,2017-05-01,2017-05-31,NA,Country,National,351120,0.61,3.53,235900,NA,6.26,57,0,-8,409485,1.38,2.54,1653466,-0.23,-6.68,385730,1.52,-1.69,130.34,0.61,5.5
2026-09-03,Monthly,2017-04-01,2017-04-30,NA,Country,National,348993,3.12,4.42,230000,NA,6.98,57,-1,-8,403926,-0.54,0.2,1657300,-0.83,-7.5,379956,-1.78,-4.33,129.55,0.37,5.32
2026-09-03,Monthly,2017-03-01,2017-03-31,NA,Country,National,338429,3.18,7.35,225000,NA,7.14,58,-1,-9,406139,-0.83,-0.09,1671214,-0.03,-6.97,386832,-1.73,-1.41,129.07,1.05,4.87
2026-09-03,Monthly,2017-02-01,2017-02-28,NA,Country,National,327995,-7.14,3.42,218000,NA,9,59,0,-8,409531,1.34,2.64,1671684,0.17,-6.39,393627,1.25,2.59,127.73,-0.11,4.25
2026-09-03,Monthly,2017-01-01,2017-01-31,NA,Country,National,353224,3.05,5.72,219900,NA,7.85,59,-1,-8,404111,1.58,0.49,1668878,-0.22,-6.68,388752,1.69,1.49,127.87,0.08,4.91
2026-09-03,Monthly,2016-12-01,2016-12-31,NA,Country,National,342768,0.38,5.62,225000,NA,6.13,60,-1,-8,397807,-0.95,0.05,1672547,-0.76,-6.9,382276,-0.44,1.03,127.76,0.37,5.42
2026-09-03,Monthly,2016-11-01,2016-11-30,NA,Country,National,341476,-0.33,16.39,225000,NA,7.66,61,-1,-7,401622,1.18,-0.05,1685386,-0.91,-6.66,383969,1.16,3.74,127.3,0.92,5.78
2026-09-03,Monthly,2016-10-01,2016-10-31,NA,Country,National,342618,1.51,7.17,222000,NA,7.25,62,0,-5,396947,-1.22,-0.3,1700940,-1.03,-6.2,379570,-2.48,1.08,126.13,0.03,5.12
2026-09-03,Monthly,2016-09-01,2016-09-30,NA,Country,National,337521,1.59,3.44,224900,NA,7.1,62,0,-6,401863,0.5,0.62,1718640,-0.63,-5.92,389236,1.13,3.1,126.09,0.43,5.68
2026-09-03,Monthly,2016-08-01,2016-08-31,NA,Country,National,332225,-0.26,1.87,227500,NA,5.81,62,-1,-7,399882,-0.4,-0.51,1729494,-0.47,-5.94,384904,-0.26,2.86,125.56,0.4,5.99
2026-09-03,Monthly,2016-07-01,2016-07-31,NA,Country,National,333094,-1.02,1.97,228900,NA,5,64,0,-6,401472,0.5,0.42,1737680,-0.92,-6.21,385909,-3.29,1.04,125.06,1.05,6.33
2026-09-03,Monthly,2016-06-01,2016-06-30,NA,Country,National,336530,-0.77,4.69,230000,NA,4.55,64,-1,-6,399458,0.03,0.26,1753761,-1.02,-5.71,399024,1.7,8.35,123.77,0.18,5.2
2026-09-03,Monthly,2016-05-01,2016-05-31,NA,Country,National,339158,1.47,6.61,222000,NA,3.73,65,0,-6,399327,-0.94,-0.74,1771818,-1.11,-4.65,392352,-1.21,6.45,123.55,0.44,5.41
2026-09-03,Monthly,2016-04-01,2016-04-30,NA,Country,National,334236,6.02,8.48,215000,NA,4.88,65,-2,-8,403105,-0.84,0.9,1791769,-0.26,-3.03,397156,1.22,7.25,123,-0.06,5.3
2026-09-03,Monthly,2016-03-01,2016-03-31,NA,Country,National,315267,-0.59,2.35,210000,NA,5.05,67,-1,-7,406499,1.88,3.59,1796370,0.59,-1.94,392363,2.26,9.1,123.08,0.45,5.95
2026-09-03,Monthly,2016-02-01,2016-02-29,NA,Country,National,317153,-5.07,6.45,200000,NA,5.26,68,0,-8,399014,-0.78,2.43,1785749,-0.15,-2.36,383684,0.17,8.12,122.53,0.53,5.87
2026-09-03,Monthly,2016-01-01,2016-01-31,NA,Country,National,334106,2.95,13.31,203900,NA,7.32,67,-1,-9,402158,1.14,3.12,1788416,-0.45,-2.23,383027,1.22,7.88,121.88,0.57,6.62
2026-09-03,Monthly,2015-12-01,2015-12-31,NA,Country,National,324535,10.62,9.17,212000,NA,6.05,68,0,-9,397606,-1.05,3.18,1796493,-0.5,-1.86,378397,2.23,9.98,121.19,0.71,6.02
2026-09-03,Monthly,2015-11-01,2015-11-30,NA,Country,National,293390,-8.22,-0.47,209000,NA,6.63,68,1,-9,401840,0.93,6.47,1805560,-0.43,-1.81,370126,-1.44,8.82,120.34,0.3,5.23
2026-09-03,Monthly,2015-10-01,2015-10-31,NA,Country,National,319683,-2.03,6.98,207000,NA,6.15,67,0,-11,398146,-0.31,5.09,1813360,-0.73,-1.83,375526,-0.53,8.68,119.99,0.56,5.24
2026-09-03,Monthly,2015-09-01,2015-09-30,NA,Country,National,326303,0.06,11.54,210000,NA,6.33,67,-1,-10,399374,-0.64,5.7,1826722,-0.65,-1.06,377514,0.88,12.48,119.31,0.73,5.23
2026-09-03,Monthly,2015-08-01,2015-08-31,NA,Country,National,326115,-0.17,10.88,215000,NA,5.39,69,-1,-6,401942,0.54,7.21,1838722,-0.75,0.13,374211,-2.02,12.87,118.45,0.72,4.77
2026-09-03,Monthly,2015-07-01,2015-07-31,NA,Country,National,326656,1.62,13.49,218000,NA,5.57,70,0,-5,399796,0.34,7.35,1852643,-0.39,2.05,381919,3.71,20.53,117.61,-0.03,4.52
2026-09-03,Monthly,2015-06-01,2015-06-30,NA,Country,National,321450,1.04,12.27,220000,NA,6.28,69,-1,-7,398428,-0.97,6.29,1859873,0.09,3.58,368273,-0.08,13.89,117.65,0.37,4.73
2026-09-03,Monthly,2015-05-01,2015-05-31,NA,Country,National,318128,3.25,12.31,214025,NA,7.55,70,-3,-6,402317,0.71,8.06,1858258,0.57,4.15,368585,-0.46,14.07,117.21,0.34,4.67
2026-09-03,Monthly,2015-04-01,2015-04-30,NA,Country,National,308104,0.02,14,205000,NA,6.77,73,-1,-5,399492,1.8,7.94,1847802,0.86,4.46,370300,2.97,17.94,116.81,0.55,4.82
2026-09-03,Monthly,2015-03-01,2015-03-31,NA,Country,National,308042,3.39,14.69,199900,NA,6.61,74,-2,-4,392423,0.74,6.94,1831984,0.17,4.79,359629,1.34,18.91,116.17,0.38,4.64
2026-09-03,Monthly,2015-02-01,2015-02-28,NA,Country,National,297933,1.04,10.87,190000,NA,5.56,76,-1,-2,389551,-0.11,7.96,1828860,-0.02,5.62,354879,-0.05,17.53,115.73,1.24,4.59
2026-09-03,Monthly,2015-01-01,2015-01-31,NA,Country,National,294864,-0.81,11.06,190000,NA,4.51,76,0,-1,389982,1.2,9.47,1829221,-0.08,6.08,355047,3.2,17.57,114.31,0,2.84
2026-09-03,Monthly,2014-12-01,2014-12-31,NA,Country,National,297267,0.84,8.82,199900,NA,4.11,76,0,0,385368,2.11,7.35,1830600,-0.44,5.9,344047,1.16,9.09,114.31,-0.04,3.72
2026-09-03,Monthly,2014-11-01,2014-11-30,NA,Country,National,294777,-1.35,7.96,196000,NA,4.26,77,-1,1,377417,-0.38,4.75,1838767,-0.46,6.5,340113,-1.57,8.27,114.36,0.3,3.55
2026-09-03,Monthly,2014-10-01,2014-10-31,NA,Country,National,298816,2.15,10.07,195000,NA,2.69,78,1,3,378875,0.27,6.48,1847205,0.05,7.66,345532,2.95,10.74,114.01,0.55,3.69
2026-09-03,Monthly,2014-09-01,2014-09-30,NA,Country,National,292540,-0.53,5.1,197500,NA,3.95,77,2,1,377855,0.78,5.77,1846208,0.53,8.32,335637,1.24,6.61,113.39,0.29,3.62
2026-09-03,Monthly,2014-08-01,2014-08-31,NA,Country,National,294109,2.18,3.65,204000,NA,2.51,75,1,-2,374916,0.67,5.68,1836423,1.16,8.7,331533,4.63,5.07,113.07,0.48,3.39
2026-09-03,Monthly,2014-07-01,2014-07-31,NA,Country,National,287831,0.53,2.56,206500,NA,2.23,74,-2,-5,372436,-0.65,5.27,1815382,1.1,8.32,316865,-2.01,-0.52,112.53,0.17,3.66
2026-09-03,Monthly,2014-06-01,2014-06-30,NA,Country,National,286326,1.08,3.61,207000,NA,3.5,76,-1,-4,374867,0.68,7.63,1795609,0.64,8.15,323370,0.07,4.75,112.33,0.32,4
2026-09-03,Monthly,2014-05-01,2014-05-31,NA,Country,National,283256,4.81,3.33,199000,NA,4.74,76,-2,-4,372323,0.6,8.09,1784169,0.86,8.26,323135,2.92,5.05,111.98,0.49,4.86
2026-09-03,Monthly,2014-04-01,2014-04-30,NA,Country,National,270256,0.62,-0.42,192000,NA,5.49,78,0,-2,370089,0.85,8.61,1768956,1.19,8.04,313967,3.82,4.92,111.44,0.38,4.96
2026-09-03,Monthly,2014-03-01,2014-03-31,NA,Country,National,268594,-0.05,-0.83,187500,NA,7.14,78,1,-3,366966,1.7,9.36,1748227,0.97,6.85,302427,0.16,1.69,111.02,0.33,5.44
2026-09-03,Monthly,2014-02-01,2014-02-28,NA,Country,National,268722,1.21,-0.03,180000,NA,8.43,78,0,-6,360840,1.29,6.34,1731491,0.42,5.24,301948,-0.01,-0.01,110.65,-0.45,6.35
2026-09-03,Monthly,2014-01-01,2014-01-31,NA,Country,National,265500,-2.81,0.07,181800,NA,10.18,78,2,-8,356262,-0.75,6.65,1724302,-0.25,5.13,301988,-4.24,2.64,111.15,0.86,7.9
2026-09-03,Monthly,2013-12-01,2013-12-31,NA,Country,National,273167,0.04,3.25,192000,NA,8.47,76,0,-11,358971,-0.37,9.57,1728580,0.12,5.58,315366,0.39,6.6,110.21,-0.2,7.04
2026-09-03,Monthly,2013-11-01,2013-11-30,NA,Country,National,273053,0.58,3.78,188000,NA,7.43,76,1,-14,360291,1.26,13.19,1726527,0.63,5.54,314149,0.68,6.45,110.43,0.43,8.19
2026-09-03,Monthly,2013-10-01,2013-10-31,NA,Country,National,271485,-2.46,8.17,189900,NA,11.71,75,-1,-16,355820,-0.4,11.31,1715705,0.66,4.61,312033,-0.88,8.28,109.96,0.48,8.59
2026-09-03,Monthly,2013-09-01,2013-09-30,NA,Country,National,278337,-1.91,11.9,190000,NA,10.33,76,-1,-18,357245,0.7,12.54,1704371,0.88,3.71,314819,-0.22,11.87,109.43,0.06,8.24
2026-09-03,Monthly,2013-08-01,2013-08-31,NA,Country,National,283746,1.1,17.33,199000,NA,13.71,77,-2,-21,354772,0.28,14.66,1689472,0.81,2.68,315523,-0.94,12.55,109.36,0.75,9.38
2026-09-03,Monthly,2013-07-01,2013-07-31,NA,Country,National,280650,1.56,17.32,202000,NA,14.77,79,-1,-19,353795,1.58,14.08,1675891,0.94,0.9,318507,3.17,15.82,108.55,0.5,9.3
2026-09-03,Monthly,2013-06-01,2013-06-30,NA,Country,National,276344,0.81,14.69,200000,NA,12.36,80,0,-18,348283,1.12,12.91,1660315,0.75,-1.19,308711,0.36,13.21,108.01,1.14,9.4
2026-09-03,Monthly,2013-05-01,2013-05-31,NA,Country,National,274128,1.01,13.73,190000,NA,11.76,80,0,-19,344441,1.08,13.29,1647978,0.66,-3.53,307599,2.8,13.25,106.79,0.59,9.32
2026-09-03,Monthly,2013-04-01,2013-04-30,NA,Country,National,271400,0.21,11.33,182000,NA,10.3,80,-1,-20,340763,1.55,9.43,1637249,0.06,-6,299232,0.61,10.59,106.17,0.83,8.99
2026-09-03,Monthly,2013-03-01,2013-03-31,NA,Country,National,270843,0.76,11.39,175000,NA,10.77,81,-2,-20,335557,-1.11,7.88,1636224,-0.55,-7.13,297414,-1.51,8.89,105.29,1.2,7.62
2026-09-03,Monthly,2013-02-01,2013-02-28,NA,Country,National,268808,1.32,9.44,166000,NA,10.67,84,-2,-15,339314,1.57,9.84,1645241,0.31,-7.21,301981,2.64,12.47,104.05,1,6.29
2026-09-03,Monthly,2013-01-01,2013-01-31,NA,Country,National,265318,0.28,10.86,165000,NA,10.07,86,-2,-15,334056,1.96,6.05,1640179,0.18,-8.04,294227,-0.55,10.92,103.01,0.05,5.89
2026-09-03,Monthly,2012-12-01,2012-12-31,NA,Country,National,264577,0.55,21.17,177000,NA,11.32,87,-2,-17,327625,2.93,4.95,1637273,0.08,-8.29,295842,0.25,12.75,102.96,0.87,8.46
2026-09-03,Monthly,2012-11-01,2012-11-30,NA,Country,National,263117,4.84,23.53,175000,NA,9.72,90,-2,-16,318309,-0.42,3.19,1635894,-0.26,-8.23,295112,2.4,15.67,102.07,0.8,5.59
2026-09-03,Monthly,2012-10-01,2012-10-31,NA,Country,National,250972,0.9,17.93,170000,NA,8.35,91,-3,-16,319661,0.7,5.31,1640116,-0.2,-7.93,288184,2.4,15.68,101.26,0.16,4.49
2026-09-03,Monthly,2012-09-01,2012-09-30,NA,Country,National,248740,2.86,19.41,172215,NA,7.63,94,-3,-14,317451,2.6,6.87,1643434,-0.12,-7.95,281423,0.38,12.61,101.1,1.12,4.49
2026-09-03,Monthly,2012-08-01,2012-08-31,NA,Country,National,241834,1.09,16.42,175000,NA,6.06,98,0,-11,309403,-0.23,1.97,1645346,-0.94,-8.59,280345,1.95,13.78,99.98,0.68,3.16
2026-09-03,Monthly,2012-07-01,2012-07-31,NA,Country,National,239218,-0.71,15.86,176000,NA,5.39,98,0,-12,310125,0.54,3.18,1661016,-1.15,-8.66,274992,0.85,12.51,99.31,0.58,2.08
2026-09-03,Monthly,2012-06-01,2012-06-30,NA,Country,National,240939,-0.04,16.47,178000,NA,4.77,98,-1,-13,308463,1.46,2,1680349,-1.63,-8.78,272680,0.39,11.39,98.73,1.08,1.25
2026-09-03,Monthly,2012-05-01,2012-05-31,NA,Country,National,241044,-1.12,16.07,170000,NA,6.25,99,0,-14,304029,-2.37,-0.95,1708227,-1.92,-8.38,271611,0.38,13.64,97.68,0.29,-0.45
2026-09-03,Monthly,2012-04-01,2012-04-30,NA,Country,National,243783,0.26,13.91,165000,NA,6.45,100,-2,-15,311395,0.11,1.3,1741740,-1.14,-7.54,270583,-0.93,12.38,97.41,-0.44,-0.75
2026-09-03,Monthly,2012-03-01,2012-03-31,NA,Country,National,243142,-1.01,13.5,157990,NA,3.26,101,2,-10,311043,0.69,-0.77,1761870,-0.64,-7.59,273129,1.73,12.68,97.83,-0.06,-0.12
2026-09-03,Monthly,2012-02-01,2012-02-29,NA,Country,National,245612,2.62,15.4,150000,NA,-1.32,99,-1,-8,308920,-1.93,-1.4,1773133,-0.59,-8.13,268491,1.22,11.99,97.89,0.62,0.09
2026-09-03,Monthly,2012-01-01,2012-01-31,NA,Country,National,239331,9.61,6.96,149900,NA,-3.29,100,-4,-7,315011,0.91,-1.98,1783621,-0.09,-8.77,265257,1.09,9.69,97.28,2.47,-0.07
